code,system
M261F00,readv2
M261200,readv2
M261C00,readv2
M261300,readv2
M261900,readv2
M261500,readv2
M261400,readv2
M261600,readv2
M261G00,readv2
N25..00,readv2
2FG5.00,readv2
M260000,readv2
M261A00,readv2
M261B00,readv2
33367.0,readv2
55983.0,readv2
4065.0,readv2
15609.0,readv2
379.0,readv2
48105.0,readv2
53994.0,readv2
15655.0,readv2
34937.0,readv2
31828.0,readv2
107861.0,readv2
43811.0,readv2
32041.0,readv2
72243.0,readv2
4360.0,readv2
20164.0,readv2
1654.0,readv2
8065.0,readv2
25590.0,readv2
21182.0,readv2
25737.0,readv2
67453.0,readv2
9008.0,readv2
54566.0,readv2
9058.0,readv2
10183.0,readv2
17895.0,readv2
52909.0,readv2
L70.3,readv2
M260.00,readv2
M260z00,readv2
L70.2,readv2
M261X00,readv2
Myu6F00,readv2
L70.9,readv2
M261J00,readv2
M260z11,readv2
Myu6800,readv2
M261z00,readv2
M261.00,readv2
L70.8,readv2
M261012,readv2
M26y200,readv2
M261000,readv2
L70.0,readv2
M261011,readv2
M261100,readv2
L70.1,readv2